Stock,Shares,AvgCost,DivAmnt,Close,Sector,Currency,MktValue,MktValueCAD,Weight,PnL,%Ret,DivYrAmnt,DivMnAmnt,DivDyAmnt,DivYield
JNJ,15,159.53,4.96,,Healthcare,USD,,,,,,74.40,6.20,0.20,
UNH,5,479.65,8.40,,Healthcare,USD,,,,,,42.00,3.50,0.11,
AMZN,30,222.85,0.00,,Consumer Cyclical,CAD,,,,,,0.00,0.00,0.00,
COST,6,863.00,4.64,,Consumer Defensive,USD,,,,,,27.84,2.32,0.08,
MSFT,17,335.17,3.00,,Technology,USD,,,,,,51.00,4.25,0.14,
GDX,25,42.06,0.00,,Unknown,USD,,,,,,0.00,0.00,0.00,
CU.TO,103,30.92,1.83,49.85,Utilities,CAD,5134.55,5134.55,2.37,1949.79,61.22,188.49,15.71,0.52,3.67
QSR.TO,35,109.96,2.48,99.07,Consumer Cyclical,CAD,3467.45,3467.45,1.60,-381.15,-9.90,86.80,7.23,0.24,2.50
RUS.TO,50,43.45,1.68,88.27,Industrials,CAD,4413.50,4413.50,2.04,2241.00,103.15,84.00,7.00,0.23,1.90
SLF.TO,50,72.97,3.36,108.21,Financial Services,CAD,5410.50,5410.50,2.50,1762.00,48.29,168.00,14.00,0.46,3.11
TOU.TO,30,58.49,1.28,62.56,Energy,CAD,1876.80,1876.80,0.87,122.10,6.96,38.40,3.20,0.11,2.05
FFH.TO,1,1994.42,15.00,2199.92,Financial Services,CAD,2199.92,2199.92,1.02,205.50,10.30,15.00,1.25,0.04,0.68
BCE.TO,47,1.00,3.99,28.19,Communication Services,CAD,1324.93,1324.93,0.61,1277.93,2719.00,187.53,15.63,0.51,14.15
CNQ.TO,354,34.65,2.55,67.80,Energy,CAD,24001.20,24001.20,11.09,11735.10,95.67,902.70,75.22,2.47,3.76
ENB.TO,195,53.45,3.77,65.43,Energy,CAD,12758.85,12758.85,5.90,2336.10,22.41,735.15,61.26,2.01,5.76
T.TO,131,27.14,1.52,11.34,Communication Services,CAD,1485.54,1485.54,0.69,-2069.80,-58.22,199.12,16.59,0.55,13.40
CM.TO,26,1.00,3.60,154.57,Financial Services,CAD,4018.82,4018.82,1.86,3992.82,15357.00,93.60,7.80,0.26,2.33
RY.TO,551,85.92,5.92,272.82,Financial Services,CAD,150323.82,150323.82,69.46,102981.90,217.53,3261.92,271.83,8.93,2.17
